19.18,11,10,700410,Indigo,3.4,Sphere,Whishaw Mabel Helen
19.17,10,11,700016,White,3.1,Sphere,Macky Thomas Roy Bayntun
19.17,10,12,700017,White,2.5,Sphere,Keogh James Stanley
19.17,6,7,699892,White,5.6,Sphere,Chevalier George Louis
19.18,9,23,700363,Violet,2.7,Sphere,Cox Herbert William
19.16,7,6,699556,White,3.4,Sphere,Blunt Alfred Armstrong
19.18,10,8,700378,Blue,3.6,Sphere,Symons Ernest
19.17,10,4,700009,White,2.1,Sphere,Ward Charles Richard
19.17,9,6,699981,White,2.9,Sphere,Scott George
19.17,6,12,699897,White,2.3,Sphere,Illston Herbert David
19.16,6,2,699522,Violet,2.7,Sphere,Holyoake Albert
19.17,10,12,700017,White,2.9,Sphere,Calder John
19.17,11,14,700049,White,3,Sphere,Haswell Hugh Gordon
19.16,9,15,699625,Violet,2.3,Sphere,Alexander Gavin Douglas
19.18,1,10,700110,Violet,3.4,Sphere,Jones Joshua Alexander
19.16,9,18,699628,Violet,3.4,Sphere,Lee William Addy
19.18,4,5,700195,White,3.3,Sphere,Roulston Herbert Lewis
19.16,10,1,699641,White,2.4,Sphere,Moosman Lewis John
19.17,6,7,699892,White,2.2,Sphere,Williams John Richard
19.17,10,4,700009,White,2,Sphere,Burnett Harold John
19.17,8,24,699969,Violet,3.2,Sphere,Hazell Frank Edmund
19.16,9,16,699626,Violet,2.2,Sphere,Tozer Edward Charles
19.15,5,8,699133,White,3.3,Sphere,Walker Thomas William
19.16,9,15,699625,White,2.2,Sphere,Goodey James Henry
19.17,10,12,700017,White,2.8,Sphere,Hawke Charles Joseph
19.18,11,6,700406,Indigo,2.5,Sphere,Nicholls Thompson William
19.17,10,13,700018,White,2.2,Sphere,Ockenden Palmer
19.16,10,1,699641,White,2.1,Sphere,O'Shaughnessy Bernard Joseph
19.18,4,14,700204,Violet,2.9,Sphere,Schumacher Frederick William
19.17,3,8,699803,Blue,2,Sphere,Bischoff Victor
19.16,9,15,699625,White,2.1,Sphere,Burkhardt Arthur Peter
19.17,10,12,700017,White,2.3,Sphere,Broughan Arthur William
19.16,10,14,699654,Violet,2.7,Sphere,Halliday Arthur
20.14,6,10,735300,White,9.4,Sphere,O'Brien Thomas
19.15,5,8,699133,White,3.9,Sphere,Wood Charles Andrew
19.16,7,26,699576,Violet,4.6,Sphere,Ahern William
19.17,10,5,700010,Violet,2.9,Sphere,Jackson Cyril Patrick Melbourne
19.18,4,2,700192,Violet,2.2,Sphere,Henry James Walton
19.17,10,5,700010,Violet,2,Sphere,Price Cecil George Philips
19.16,7,18,699568,Violet,2,Sphere,Andrew John
19.16,7,14,699564,White,2.5,Sphere,Freeman Ralph Edgar
19.16,9,20,699630,White,2.7,Sphere,Ferguson Fergus
19.17,6,8,699893,White,4.2,Sphere,Hende Peter Borresen
19.18,11,12,700412,Indigo,4.7,Sphere,McHugh Christopher MacKay
19.18,9,9,700349,Violet,2.8,Sphere,Baskiville Henry Alphonsus
19.16,9,15,699625,White,2.7,Sphere,Hamlin Frank Joseph
19.16,9,23,699633,Violet,2.4,Sphere,Campbell William Anderson
19.18,5,30,700250,White,3.6,Sphere,Waugh John
19.16,9,28,699638,White,2.8,Sphere,Ford Charles Arthur
19.18,3,15,700175,Violet,2.6,Sphere,Hawke Ernest Alfred
19.16,9,19,699629,Violet,2.4,Sphere,Aldridge Ailbe
19.18,3,24,700184,White,2.2,Sphere,O'Rorke Dennis Clifford
19.17,10,12,700017,White,2.4,Sphere,Goudie John Claud Brisbane
19.18,10,5,700375,Blue,2.5,Sphere,McKibbin William
19.18,11,4,700404,Blue,3.4,Sphere,Angus Harry
19.16,12,6,699706,White,2.4,Sphere,Stowe William Arthur
19.18,3,16,700176,Blue,3.6,Sphere,Sheehan John
19.18,3,27,700187,White,2.5,Sphere,Paterson Alan McLean
19.18,11,22,700422,Indigo,4.5,Sphere,Larkin John Alexander
19.17,1,18,699753,Violet,4.3,Sphere,Graham Robert
19.18,5,9,700229,Violet,3.8,Sphere,Bird Samuel
19.17,10,12,700017,White,2.1,Sphere,Potts James
19.15,4,27,699122,White,2.9,Sphere,O'Brien Henry
19.18,10,7,700377,Blue,4.6,Sphere,Bowles Jesse
19.67,9,4,718229,Blue,7,Sphere,Drummond Leo Rhodrick
19.18,1,25,700125,Violet,2.1,Sphere,Wilson Harold
19.16,7,14,699564,White,2,Sphere,Baillie Alexander Sloan
19.16,7,10,699560,Violet,3,Sphere,Marks Thomas
19.18,11,29,700429,Indigo,2.2,Sphere,Scott William Harold Anthony
19.18,5,16,700236,White,2.2,Sphere,Carswell George Alexander
19.18,5,7,700227,White,2.8,Sphere,Bleach Patrick Francis
19.18,2,22,700152,Blue,2.2,Sphere,Griffin John
19.17,12,3,700068,White,2.2,Sphere,Bradbury William Edward
19.64,7,26,717096,Blue,7.8,Sphere,Innes Alex
19.18,4,19,700209,Violet,3.6,Sphere,Richards Frank Harold
19.16,12,30,699730,Indigo,2.1,Sphere,Doria Birley Reginald
19.18,7,17,700297,Violet,2.2,Sphere,Gawler William Thomas
19.17,6,22,699907,Violet,2.3,Sphere,Sanford Hugh William Hamilton
19.15,5,2,699127,White,3.1,Sphere,Everest Francis Edward
19.45,1,7,709962,Blue,7.2,Sphere,Dunn Christopher Blencowe Noble
19.15,5,8,699133,White,2.4,Sphere,Langridge Francis Bertram
19.17,6,11,699896,White,2,Sphere,Thompson Ernest
19.18,4,5,700195,White,3.1,Sphere,Green Donald Benjamin
19.18,3,26,700186,White,3.1,Sphere,Hair Harold Gilbert
19.17,6,7,699892,White,2.5,Sphere,Vicars Richard George Ferguson
19.15,8,8,699223,White,2.7,Sphere,Francis Charles Walter
19.17,11,14,700049,Blue,2.8,Sphere,Bovett Albert
19.15,6,23,699178,White,3,Sphere,Frye Edward
19.17,10,12,700017,White,2.5,Sphere,Morgan Stephen
19.36,4,30,706790,Blue,4.6,Sphere,Macky Keith Stuart
19.17,10,12,700017,White,2.7,Sphere,Rose William Richard
19.18,1,9,700109,Violet,2.1,Sphere,Dobby Abraham Joseph
19.16,9,9,699619,Blue,2.2,Sphere,Lyall James
19.19,4,16,700571,Blue,2.7,Sphere,Mathers Charles
19.18,2,9,700139,Blue,2.5,Sphere,Anderson John Stewart
19.17,6,7,699892,White,3.4,Sphere,McKee Thomas
19.44,12,7,709927,Green,5.2,Sphere,Millis Ernest Andrew
19.18,3,29,700189,Violet,2.3,Sphere,McIntosh Stanley Herbert
19.17,6,13,699898,Violet,2.8,Sphere,Ruddock Walter David
19.17,10,19,700024,Violet,2.5,Sphere,Stewart James
19.18,11,3,700403,Blue,3.1,Sphere,Allan Jack Clive
19.18,3,4,700164,Blue,2.3,Sphere,McDougall Dugald
19.18,3,27,700187,White,2.9,Sphere,Bayne James John
19.15,8,8,699223,White,2.3,Sphere,Haines Lance Nigel
19.17,10,24,700029,Violet,2.2,Sphere,McPhee Neil Allan
19.16,5,25,699515,White,3,Sphere,Carr Cuthbert Owen
19.15,5,30,699155,White,2.7,Sphere,Dickinson Alfred
19.18,5,23,700243,White,2.3,Sphere,Morel Horace Valentine
19.15,8,7,699222,White,2.6,Sphere,Wansbrough Francis James
19.76,8,4,721484,Blue,8,Sphere,Robinson Joseph
,,,,Blue,8.3,Sphere,McCarthy Edward
19.16,9,30,699640,White,3.4,Sphere,Simpson James
19.19,5,8,700593,Yellow,3.1,Sphere,Belfit George
19.17,10,4,700009,White,2.1,Sphere,Terry Percy Edward
19.17,10,20,700025,Violet,2.9,Sphere,Davis Henry Seth
19.18,2,18,700148,White,2.8,Sphere,Davies Reginald Owen
19.18,2,19,700149,White,3.5,Sphere,Copp John Henry
19.17,8,4,699949,Violet,2.1,Sphere,Parsons Sydney Herbert
19.15,9,22,699267,Violet,2.3,Sphere,Main James
19.15,8,8,699223,White,3.8,Sphere,McNiel Alexander
19.17,10,12,700017,White,2.2,Sphere,Hight Cecil Morland
19.16,10,1,699641,White,3,Sphere,Calman Robert
19.16,9,16,699626,White,4.3,Sphere,Clay Blakeman John
19.17,10,12,700017,White,3,Sphere,Powell James
19.17,7,31,699946,White,2.2,Sphere,Hodge Harry
19.16,9,15,699625,White,2.1,Sphere,Cooper Arthur Reginald
19.17,6,8,699893,White,2.8,Sphere,McMillan Lewis Alexander
19.17,10,12,700017,White,2.6,Sphere,Viall Samuel Roland
19.18,7,21,700301,Violet,2.7,Sphere,Carthy Thomas Patrick
19.17,12,5,700070,Violet,3.7,Sphere,Whiteford James
19.16,9,24,699634,White,3,Sphere,Hinkley Thomas
19.17,10,12,700017,White,2.4,Sphere,Stenning Joseph Albert
19.15,4,25,699120,White,2.3,Sphere,Hartland William Edmond
19.17,7,10,699925,Violet,4.2,Sphere,Wightman Percy Henry
19.16,9,20,699630,White,3,Sphere,Armstrong William Abraham
19.16,6,17,699537,White,2,Sphere,Forbes Charles
19.16,11,14,699684,Violet,3.6,Sphere,Jones Thomas Richard
19.17,7,29,699944,White,2.7,Sphere,Atkinson John
19.15,6,5,699160,Violet,1.7,Sphere,Harper Donald Micklefield
19.17,10,19,700024,Violet,2.7,Sphere,Jickell Hugh Nelson
19.16,5,13,699503,White,2.8,Sphere,Auty Robert George
19.17,12,4,700069,White,4.5,Sphere,Watson Henry
19.16,9,16,699626,Violet,1.9,Sphere,McLeod Murdock Thomas
19.48,7,21,711251,Blue,6.2,Sphere,Davey Francis James
19.18,4,12,700202,Violet,3.6,Sphere,McKinlay William David
19.17,6,13,699898,Violet,3.3,Sphere,McMahon John
19.17,10,11,700016,White,2.3,Sphere,Clark Percy John
19.17,11,22,700057,Violet,3.2,Sphere,Gillott William
,,,,Violet,3.6,Sphere,Glasson Robert William
19.17,6,13,699898,White,2.6,Sphere,Stapleton George
19.15,5,23,699148,White,3.6,Sphere,Johnson Walter John Pengelley
19.17,7,31,699946,White,2.3,Sphere,Harrison Arthur Bennett
19.15,8,4,699219,White,2.1,Sphere,Foster Robert
19.16,9,24,699634,White,2.4,Sphere,Blaikie Searle John
19.15,5,8,699133,White,2,Sphere,Weston George Henry
19.18,6,2,700252,Violet,2.6,Sphere,Adams James
19.18,11,25,700425,Blue,2.6,Sphere,Connett Frank Charles Washington
19.18,7,31,700311,Blue,3.2,Sphere,Pritchard Robert
19.16,7,14,699564,Blue,1.9,Sphere,Barrington Thomas Henry
19.18,7,21,700301,White,3.5,Sphere,Geehan Patrick
19.18,4,21,700211,Violet,2,Sphere,Anderson Albert Percy
19.17,6,7,699892,Violet,2.4,Sphere,Havill Frederick George
19.18,4,20,700210,Violet,2.3,Sphere,Horne John Charles
19.18,11,17,700417,Indigo,3.3,Sphere,McGrath Patrick Henry
19.18,11,6,700406,Blue,2.6,Sphere,Paufai Hono
19.15,8,8,699223,White,2.9,Sphere,Larsen Fritjof
19.17,12,3,700068,White,2.2,Sphere,Harrison Gerald James Charles
19.17,9,23,699998,Red,4.1,Sphere,May Duncan Grant
19.17,12,24,700089,White,3,Sphere,Murray George Wilson
19.18,4,5,700195,White,2.5,Sphere,Orange Raymond Lionel
19.17,2,14,699779,Violet,2.5,Sphere,McIntosh David Michael
19.17,6,7,699892,White,2.5,Sphere,Richmond Coleridge
19.17,11,14,700049,White,2.6,Sphere,Bruce Robert Alexander
19.18,5,20,700240,Blue,4,Sphere,Frederick William
19.15,5,8,699133,White,2,Sphere,Jones Edward Herbert
19.17,7,31,699946,White,2.1,Sphere,Wight Kenneth Edward
19.17,6,7,699892,Violet,2.1,Sphere,Burns John
19.18,8,4,700314,Red,3.4,Sphere,Phillips Ralph
19.15,5,8,699133,White,2.4,Sphere,Shaw Lawrence Henry
19.16,9,16,699626,White,2.4,Sphere,Ewing Alexander
19.15,4,25,699120,White,2.1,Sphere,Hayes George Thomas
19.15,7,30,699215,White,2.1,Sphere,Hartley John
19.17,10,4,700009,White,2.9,Sphere,Rose William McIlwraith
19.18,8,30,700340,Violet,4,Sphere,Hawkes Robert Edwin
19.16,8,9,699589,White,3.2,Sphere,Gardner Gilbert Matthew
19.17,8,24,699969,Indigo,2.3,Sphere,Bennett William Harold
20.14,6,10,735300,White,3.2,Sphere,O'Brien Thomas
19.17,6,26,699911,Blue,2.3,Sphere,Ricketts Charles Kenneth
19.18,2,7,700137,Blue,2.9,Sphere,Moore Claude William
19.17,10,12,700017,White,2.8,Sphere,Irving John
19.17,6,7,699892,White,3.9,Sphere,Warren Alfred Wyllie
19.18,5,9,700229,Blue,4.3,Sphere,Symons John
19.17,2,6,699771,Violet,2,Sphere,Gibson Horace Hugh Whatty
19.17,10,5,700010,Violet,2.1,Sphere,Mathews Peter Joseph
19.17,10,12,700017,White,2.3,Sphere,Pollock George Harold
19.17,10,6,700011,White,2.3,Sphere,McLean Donald
19.16,11,10,699680,Blue,2.6,Sphere,Cook Thomas Albert
19.52,11,15,712825,Blue,6.5,Sphere,Haultain Cyril Gordon
19.17,3,31,699826,Violet,2.6,Sphere,Mockett John James
19.17,6,9,699894,White,2.8,Sphere,Dighton Leslie Probyn
19.18,2,16,700146,White,3.8,Sphere,Young James
19.17,11,22,700057,White,3,Sphere,Clulow Reuben
19.18,4,6,700196,Violet,2.7,Sphere,Carter Richard
19.18,5,26,700246,Violet,2.4,Sphere,Cruickshank Alexander
19.18,6,25,700275,Blue,2.2,Sphere,Wright Lewis Henry
19.16,9,23,699633,Violet,2.2,Sphere,McGill Gilbert
19.18,2,22,700152,Violet,3.3,Sphere,Ross John Alexander
19.18,1,20,700120,Blue,2.3,Sphere,McLean Donald
19.17,4,2,699827,Violet,2.5,Sphere,Chapman Frederick
19.18,9,2,700342,Violet,2.2,Sphere,Corbett Thomas Joseph
19.17,12,16,700081,White,3,Sphere,Ellis Arthur Wyatt
19.17,10,12,700017,White,2.1,Sphere,Autridge Charles
19.16,9,15,699625,Violet,2.8,Sphere,Evans David
19.18,2,21,700151,White,3.4,Sphere,McCurdy Archie
19.17,6,8,699893,White,2.7,Sphere,Bouttell John A.
19.16,4,29,699489,Violet,3,Sphere,Hughes Joseph Henry
19.15,8,8,699223,White,2.3,Sphere,Quane Robert Andrew
19.17,5,26,699881,Violet,2.8,Sphere,Robinson James
19.15,10,26,699301,Violet,2.2,Sphere,Fox William
19.18,4,19,700209,Blue,3.7,Sphere,Geisow Robert William
19.18,4,5,700195,Violet,3.5,Sphere,McAlister Douglas William
19.18,11,16,700416,Blue,2.7,Sphere,Tavender Basil Noel Glanville
19.58,1,15,714715,Blue,6.7,Sphere,Collins James Joseph
19.16,9,22,699632,White,2.5,Sphere,Guthrie George Webb
19.16,7,23,699573,Violet,3.1,Sphere,Downard Samuel Charles Gower
19.16,9,15,699625,White,4.4,Sphere,Scissons Joseph
19.17,10,15,700020,Violet,4.1,Sphere,Marshall James Arthur
19.18,11,3,700403,Violet,2.4,Sphere,Clemens Roy
19.17,10,12,700017,White,3,Sphere,Astridge William George
19.17,11,30,700065,White,2.4,Sphere,Duff Robert
19.16,10,1,699641,White,4.1,Sphere,Corry Alfred
19.18,11,10,700410,Red,3.4,Sphere,Harston James Frierson
19.17,8,31,699976,White,1.9,Sphere,McFadgen Neil John
19.18,5,18,700238,Blue,3.8,Sphere,McNeill John
19.16,7,20,699570,Violet,2.7,Sphere,Rennie Robert
19.16,6,17,699537,Violet,2.8,Sphere,Gribben Robert
19.16,7,9,699559,White,2.3,Sphere,Cannington Harold William
19.16,7,14,699564,Violet,2.2,Sphere,Downes Andrew Thomas
19.19,1,25,700490,Blue,3.3,Sphere,Kennedy Hugh Joseph
19.18,1,10,700110,White,4,Sphere,McCaul Walter Henry
19.16,9,14,699624,White,2.3,Sphere,Clark George Knaggs
19.17,10,12,700017,White,2.7,Sphere,Harding Stanley George
19.16,10,14,699654,Violet,2.3,Sphere,Kennedy Albert
19.17,10,12,700017,White,2.8,Sphere,Becroft William Clifford
19.16,10,7,699647,Violet,2.4,Sphere,Smith William
19.17,11,2,700037,Violet,2.4,Sphere,Hughes William
19.18,11,14,700414,Indigo,2.4,Sphere,Haase Frederick
19.17,1,26,699761,Blue,2.2,Sphere,Mardon Wilkie
19.16,9,19,699629,White,3.1,Sphere,Lindsay William James
19.23,7,6,702111,Red,2.8,Sphere,Brady James Joseph
19.17,10,13,700018,White,3.6,Sphere,Wornall William
19.18,4,2,700192,White,4,Sphere,Lowther Albert Edward
19.16,1,14,699384,Red,2.7,Sphere,Randall Frederick James
19.16,9,27,699637,White,1.9,Sphere,Hoy Norman
19.19,5,20,700605,Yellow,2.3,Sphere,McDonnell John Martin
19.16,9,25,699635,White,2.1,Sphere,Rogers Charles Alfred
19.17,12,11,700076,White,2.6,Sphere,Clough Frank Oscar
19.15,5,8,699133,White,2.3,Sphere,Ross Frank George
19.17,12,17,700082,White,2.2,Sphere,Davison George
19.16,9,15,699625,White,2.4,Sphere,Cogle James Francis
19.15,3,17,699082,Blue,3.1,Sphere,Simpson Bethel
19.17,6,7,699892,White,2.2,Sphere,Giffen James
19.18,4,5,700195,White,4,Sphere,Penzer Esau Joseph
19.15,8,3,699218,White,2.4,Sphere,Hutchings James Edgar
19.18,10,26,700396,White,2.2,Sphere,Still Jack
19.17,6,9,699894,White,2.9,Sphere,North Edwin
19.17,10,4,700009,White,2.6,Sphere,Deans Alexander
19.16,9,16,699626,White,2,Sphere,Beatty Edward James
19.17,7,27,699942,Violet,2.1,Sphere,Miller Jack Stanley
19.17,10,12,700017,White,2.8,Sphere,Harris Herbert
19.17,12,3,700068,Violet,2.4,Sphere,Pay William Huson
19.18,5,8,700228,White,2.2,Sphere,Maxwell William David
19.16,7,26,699576,Red,3.2,Sphere,McColl William
19.18,3,26,700186,White,2.3,Sphere,Bater Richard Norman
19.17,3,8,699803,Blue,2,Sphere,Bischoff Victor
19.18,11,26,700426,Indigo,2.2,Sphere,Embling Alfred Victor
19.17,8,27,699972,White,2.5,Sphere,Hildreth Roland Edward
19.18,11,28,700428,Indigo,2.1,Sphere,Youngson Alexander
19.15,6,26,699181,White,3.1,Sphere,Verner Arthur
19.17,8,8,699953,White,2.6,Sphere,Lynch Thomas
19.16,11,15,699685,White,2.1,Sphere,Carmichael Archibald
19.15,9,27,699272,Indigo,1.8,Sphere,Barry Frederick
19.17,8,3,699948,Violet,2.2,Sphere,McKellar Donald Ivan
19.17,6,13,699898,White,2.7,Sphere,Sullivan Michael
19.17,12,26,700091,Violet,3.7,Sphere,Godfrey James Alfred
19.17,6,7,699892,White,3.2,Sphere,Wilson Harry Frederick
19.18,11,23,700423,Indigo,3.5,Sphere,Sinclair John Augustus Mason
19.17,10,12,700017,White,3,Sphere,Hodgson Thomas
19.19,2,22,700517,Violet,3.7,Sphere,Stewart Samuel James
19.16,10,1,699641,White,2.4,Sphere,Thoumine David Edward
19.16,10,1,699641,White,2.3,Sphere,Hunt Charles
19.17,12,3,700068,White,4.2,Sphere,Warden David Air
19.15,5,9,699134,White,2.6,Sphere,Rose Charles Luther Garnet
19.17,6,7,699892,White,3.4,Sphere,Porter George
19.16,8,27,699607,Indigo,3.3,Sphere,Grover Albert Joseph
19.17,6,11,699896,Violet,3.3,Sphere,Jackson Percy Hamilton
19.15,8,8,699223,White,2.2,Sphere,Heale Walter Gisborne
19.17,6,7,699892,White,2.1,Sphere,Currie Arthur
19.16,9,18,699628,Violet,2.4,Sphere,Turner Percy John
19.18,11,16,700416,Blue,2.9,Sphere,Smith Robert Alexander Stephenson
19.19,7,10,700655,Blue,3.3,Sphere,Smith James Readshaw
19.17,11,28,700063,White,2.6,Sphere,Davies Frederick William
19.16,9,21,699631,White,2.1,Sphere,Wildman Frederick Charles
19.16,9,16,699626,White,3.5,Sphere,Wood Thomas
19.19,4,13,700568,Red,2.9,Sphere,Sheehan Daniel Alphonso
19.16,9,15,699625,White,1.9,Sphere,Elliott Arthur Drummond
19.17,12,22,700087,White,2.9,Sphere,McKenzie Murdo
19.17,6,23,699908,Violet,3.2,Sphere,Nolan Cuthbert Parker
19.17,6,14,699899,Indigo,2.6,Sphere,Corson Lawrence Frederic
19.17,10,4,700009,White,2.3,Sphere,Murphy Stanley
19.18,4,5,700195,White,2.6,Sphere,Johnston Alfred Henry
19.17,6,15,699900,White,3.1,Sphere,Swain Harold George Selwyn
19.15,8,27,699242,White,2.3,Sphere,Thompson Eric Norton
19.15,8,9,699224,White,2.8,Sphere,Price Ralph Leslie
19.18,8,31,700341,Violet,3.6,Sphere,Brittain Frank Marmaduke
19.18,9,25,700365,White,2.3,Sphere,Campbell Colin Andrew
19.64,8,30,717130,Blue,6.3,Sphere,Huston James Henry
19.16,11,15,699685,White,2,Sphere,Handley Walter Basil
19.2,5,13,700963,Violet,2.7,Sphere,Palmer David Hunter
19.15,8,7,699222,White,3.4,Sphere,Cookes Cyril Chester
19.18,10,19,700389,Blue,2,Sphere,Murphy Jerome Joseph
19.17,6,8,699893,White,2.7,Sphere,Wells Frank
19.18,4,18,700208,White,3.3,Sphere,Fitzpatrick Michael Bernard
19.17,1,4,699739,Grey,3.1,Sphere,McLeod Colin Donald
19.16,9,17,699627,White,2.5,Sphere,Rogerson Walter Burnett
19.17,8,6,699951,White,4.2,Sphere,Simmons Arthur James
19.16,5,30,699520,Violet,2.8,Sphere,Gilchrist Hugh
19.18,4,18,700208,Violet,2.4,Sphere,Bogun Charles Percival
19.18,6,8,700258,Violet,3.6,Sphere,Maclean James David
19.17,2,22,699787,Violet,2.1,Sphere,Lawford Harold William
19.17,10,4,700009,White,3.1,Sphere,Campbell Archibald Donald
19.15,10,4,699279,Violet,1.9,Sphere,Welsh Frederick Stanley
19.15,5,9,699134,White,2.2,Sphere,Allen Lawrence
19.15,8,7,699222,White,3.1,Sphere,Mullany Lewis
19.15,6,23,699178,White,2,Sphere,Busbridge William Joseph
19.15,8,6,699221,White,2.7,Sphere,Burn Robert Bruce
19.17,10,12,700017,White,2.3,Sphere,Hollow James Walker
19.18,4,5,700195,White,4.2,Sphere,Dobson John
19.19,6,17,700632,Blue,2.1,Sphere,Aitken William Robert
19.21,8,9,701414,Yellow,3.5,Sphere,McElroy Michael
19.16,9,15,699625,White,2.5,Sphere,Boundy Stanley Thomas Watters
19.17,11,20,700055,White,2.2,Sphere,Thorn Ben
19.16,11,12,699682,White,2.1,Sphere,Strachan Francis Alex
19.16,9,15,699625,Violet,2.3,Sphere,Ashworth Frederick Reginald
19.18,10,24,700394,Violet,2.2,Sphere,Penn Thomas Leonard
19.16,7,14,699564,White,2,Sphere,Sutherland Henry
19.17,9,5,699980,Violet,2.3,Sphere,Leslie Roy John
19.18,11,17,700417,Indigo,3.1,Sphere,Julian Edward Olave
19.18,12,5,700435,Violet,2.2,Sphere,Gunn William George
19.17,12,26,700091,Violet,3.2,Sphere,Walsh Patrick
19.18,4,5,700195,White,2.1,Sphere,Menzies William Rutledge
19.17,10,4,700009,White,2.6,Sphere,Medwell Frederick Daniel
19.15,8,8,699223,White,2.5,Sphere,Burns Allan Cummock
19.18,11,25,700425,Blue,2.3,Sphere,Little Neil Donald
19.15,5,8,699133,White,2.6,Sphere,Cogan Ernest Desmond
19.15,8,8,699223,White,2.6,Sphere,Graham John
19.17,11,3,700038,Blue,2.8,Sphere,Walker David John
19.17,10,4,700009,Violet,2.8,Sphere,Gage Charles
19.18,10,10,700380,Violet,3,Sphere,Harvey Abraham Percy
19.18,3,30,700190,Violet,2.1,Sphere,James Cecil Roy
19.15,4,25,699120,White,2.1,Sphere,Morpeth Moore
19.17,10,12,700017,White,2.3,Sphere,Seidelin Percy Luscombe
19.17,10,4,700009,White,2.8,Sphere,Gould Alfred Denson
19.15,5,8,699133,White,2.8,Sphere,Macdonald Thomas
19.16,9,17,699627,White,2.2,Sphere,Foster Alfred John
19.15,8,8,699223,White,2.9,Sphere,Argrave George
19.17,7,21,699936,White,2.5,Sphere,Brown Claud Hubert
19.18,3,26,700186,White,3.5,Sphere,Groves Sidney Thomas James
19.18,3,30,700190,White,2.9,Sphere,Smith Frank Leonard
19.17,12,5,700070,White,2.9,Sphere,Flute Herbert Henry
19.18,11,25,700425,Indigo,3.4,Sphere,Chilman Alfred Edward Clark
19.19,10,1,700736,Violet,2.2,Sphere,Hargreaves Thomas Henry
19.17,6,29,699914,Blue,3.3,Sphere,Briscoe Thomas
19.18,2,4,700134,White,2.9,Sphere,Duggan Patrick Joseph
19.18,5,12,700232,Violet,2.2,Sphere,Mair John
19.18,5,4,700224,White,2.2,Sphere,Webb Earl James
19.15,8,8,699223,White,3.1,Sphere,Carter Felix Claude
19.17,10,12,700017,White,2.3,Sphere,McKenzie William Alexander
19.18,12,15,700445,Yellow,2.3,Sphere,Wren John William
19.17,2,2,699767,Blue,4.4,Sphere,Telford Thomas
19.15,5,2,699127,Violet,2.3,Sphere,Chilman Richard
19.17,6,8,699893,White,2.3,Sphere,Howard Frederick
19.19,11,20,700785,Blue,2.4,Sphere,Arundel Ralph Victor
19.17,11,14,700049,White,3,Sphere,Hollis Charles
19.15,8,8,699223,White,3.1,Sphere,Fryer Anthony Thomas
19.15,8,27,699242,White,2,Sphere,Levien John Julian
19.17,6,7,699892,White,3.4,Sphere,Wood Gresley Haswell
19.19,3,10,700535,Blue,3.8,Sphere,O'Brien Edward
19.44,10,26,709886,Green,5.1,Sphere,Plaister Reginald
19.18,8,4,700314,Blue,2.7,Sphere,Aiken John
19.16,10,21,699661,White,3.3,Sphere,Hitchcock Frank Norman Spurrell
19.17,10,12,700017,White,3.1,Sphere,Brosnan Arthur William
19.17,10,4,700009,White,2.5,Sphere,Casey Patrick
19.17,3,5,699800,Blue,3.4,Sphere,King Henry
19.15,10,6,699281,Violet,2.1,Sphere,Beauchamp Leslie Heron
19.17,10,4,700009,White,2.6,Sphere,Anderson Herbert John Lancelot
19.18,1,30,700130,Violet,3,Sphere,Sextus Henry Julius
19.15,8,7,699222,Violet,2.6,Sphere,Bain Alexander
19.15,7,2,699187,Violet,3.4,Sphere,Cottingham Richard John
19.18,8,26,700336,Violet,2.1,Sphere,Davison Leslie Percival
19.19,2,17,700512,Blue,3.1,Sphere,Gimblett Cecil James
19.17,10,11,700016,Violet,3.1,Sphere,Sutherland William David
19.17,9,3,699978,Blue,2.2,Sphere,White Ronald Hunter
19.18,4,19,700209,Violet,3.3,Sphere,Morton John Castle
19.16,9,12,699622,Violet,2.3,Sphere,Chidgey George Vincent
19.64,7,26,717096,Blue,7.8,Sphere,Innes Sandy
19.17,7,16,699931,Violet,3.9,Sphere,Anderson William
19.18,2,4,700134,White,2.8,Sphere,Lane Trevor Greek
19.16,9,15,699625,White,2.8,Sphere,McCurdy Charles
19.15,4,29,699124,White,2.5,Sphere,Sewell James William
19.17,10,4,700009,White,2.4,Sphere,Gandy William Francis
19.16,9,25,699635,White,2.5,Sphere,Bollard John Henry Allen
19.17,4,20,699845,Violet,3.2,Sphere,Webster David Richard
19.17,10,4,700009,Violet,3.3,Sphere,Hawkes Herbert Alfred
19.16,8,13,699593,White,2.8,Sphere,Pullar Thomas Elias
19.18,10,2,700372,Violet,2.9,Sphere,Smallholme George Henry
19.17,6,7,699892,White,2.1,Sphere,McQuilken Arthur
19.17,10,12,700017,White,2,Sphere,Hawkes Richard Neville
19.16,9,15,699625,White,2.1,Sphere,Davies Frederick
19.16,9,15,699625,White,2.7,Sphere,Cule James
19.18,4,13,700203,Violet,2.1,Sphere,Murray Lincoln Bishop
19.18,10,30,700400,Blue,2.5,Sphere,Mouton William
19.17,5,20,699875,Violet,2.3,Sphere,Pope Arthur
19.41,1,8,708503,Red,4.2,Sphere,O'Brien Charles John
19.18,11,5,700405,Blue,2.2,Sphere,Clarke Ernest Philip
19.18,9,4,700344,Red,2,Sphere,Carroll Terence
19.17,6,7,699892,Violet,2.9,Sphere,Lock Basil George
19.17,7,27,699942,White,2.3,Sphere,Armer Keith
19.15,4,25,699120,White,4,Sphere,Douds John
19.15,7,27,699212,White,1.9,Sphere,Reynolds Henry James
19.15,4,29,699124,White,2.4,Sphere,Matear Robert
19.18,5,15,700235,White,3,Sphere,King Kenneth Lionel
19.18,9,13,700353,Blue,2.6,Sphere,Chapman Arthur
19.16,9,15,699625,White,2.5,Sphere,Peters Louth Frederick
19.18,8,29,700339,Blue,2.9,Sphere,Kidd Arthur Preston
19.17,7,27,699942,White,3,Sphere,Hamblyn James Edward
19.16,9,17,699627,White,3.5,Sphere,Libeau Alfred George
19.17,6,7,699892,White,2.2,Sphere,Burgess William John
19.17,8,1,699946,Violet,2.6,Sphere,Monaghan Harry
19.18,4,19,700209,White,2.1,Sphere,Randall Bertram Robert
19.15,8,28,699243,Violet,2.4,Sphere,Worley Robin James
19.16,7,14,699564,Violet,3.2,Sphere,Green Albert James
19.18,10,25,700395,Blue,2.3,Sphere,McDonald John Duncan Campbell
19.16,9,27,699637,White,2.8,Sphere,Whitmore John Ellis
19.17,6,13,699898,White,2.6,Sphere,Brown Norman Ellis
19.17,6,7,699892,White,2.2,Sphere,McCormick William Raymond
19.15,8,8,699223,White,2.3,Sphere,Freeman Joseph Alexander
19.18,11,14,700414,Indigo,3.6,Sphere,Sullivan Arthur George
19.18,9,11,700351,Blue,2,Sphere,Hansen Leonard Gilbert
19.17,6,7,699892,White,3,Sphere,Drake John Robert
19.18,8,23,700333,Violet,3,Sphere,Butler Patrick
19.17,6,7,699892,White,3.2,Sphere,Keeling Harry
19.15,8,8,699223,White,3.2,Sphere,Hawkins William
19.18,2,15,700145,Blue,2,Sphere,York Finlay Duncan
19.17,10,17,700022,White,3.6,Sphere,Mackley George
19.15,8,7,699222,White,2.3,Sphere,Duff Albert
19.18,4,2,700192,Violet,2.1,Sphere,Higgie Colin Leslie
19.17,10,4,700009,White,1.8,Sphere,Fraser Thomas
19.15,8,8,699223,White,2.2,Sphere,Marsh Frederick George
19.17,10,4,700009,White,4,Sphere,Maunsell Percy Harold
19.15,8,10,699225,Violet,2.1,Sphere,Mills David Calder
19.19,2,16,700511,Blue,3,Sphere,Perkins Henry Egnatious
19.15,5,2,699127,White,2,Sphere,Lyons Benard Fairgray
19.16,9,23,699633,Violet,2,Sphere,Stevens Sydney
19.18,3,15,700175,Blue,2.8,Sphere,Ginders George Percy
19.15,8,9,699224,White,2.5,Sphere,O'Brien Thomas
19.18,5,12,700232,Violet,2.5,Sphere,Quinn John Martin Oliver
19.15,8,8,699223,White,2,Sphere,Jones George Albert
19.17,10,12,700017,White,2.8,Sphere,Joli Henry Alexander
19.19,1,31,700496,Blue,2.8,Sphere,Skinner Frederick James
19.17,8,4,699949,White,2.5,Sphere,Winter Arthur Cuthbert
19.17,10,2,700007,White,3.3,Sphere,Morpeth Allan
19.18,4,3,700193,Violet,2.2,Sphere,Condon William Francis
19.17,12,3,700068,White,2.8,Sphere,Hunter John Boyd
19.17,7,21,699936,White,3.1,Sphere,Teua Te Miere
19.18,11,18,700418,Indigo,3.6,Sphere,Roch Johann Gottlieb
19.17,10,12,700017,White,2.3,Sphere,Gonley Dominic
19.17,6,7,699892,White,3.7,Sphere,Sharpe Thomas
19.17,11,10,700045,Violet,2.7,Sphere,Douglas Herbert
19.18,5,17,700237,White,2.6,Sphere,Tarleton John Bernard
19.18,3,28,700188,White,2.9,Sphere,Reynolds Dencil George
19.15,8,8,699223,White,2.7,Sphere,Martin Henry Haynes
19.18,4,13,700203,Violet,2.3,Sphere,Symons John
19.18,9,3,700343,Violet,2.4,Sphere,Murdoch Charles Grant
19.17,12,24,700089,White,2.4,Sphere,Clark Francis Foley
19.15,5,8,699133,White,2.3,Sphere,Wood Norman Harold
19.16,9,16,699626,White,3.6,Sphere,McPhee Dougall
19.18,11,15,700415,Indigo,3.6,Sphere,Wyman Benson Henry
19.17,11,27,700062,Violet,2.9,Sphere,Moriarty Michael
19.16,9,26,699636,Violet,3.2,Sphere,Blackham John
19.18,11,18,700418,Yellow,2.2,Sphere,Montgomery John
19.18,12,2,700432,Blue,2.2,Sphere,Rutherford John Donald
19.18,12,6,700436,Blue,2.4,Sphere,Hynes Stinson Michael
19.16,8,9,699589,White,2.4,Sphere,Menzies William Barnet
19.16,7,3,699553,White,2.3,Sphere,Billing Bernard
19.18,1,17,700117,Blue,2.2,Sphere,Skinner Kenneth John
19.16,9,17,699627,Violet,3.1,Sphere,Potroz Augustus
19.16,9,15,699625,White,1.7,Sphere,McMinn Sydney Vernon
19.16,4,7,699467,Violet,2.6,Sphere,McDiarmid William Orr
19.16,7,3,699553,White,2.7,Sphere,Egerton William Arthur
19.16,9,25,699635,White,2.4,Sphere,Jardine Lewis
19.17,10,4,700009,White,2.8,Sphere,McLean Owen Angus
19.18,11,4,700404,Violet,3.5,Sphere,McCarthy James Charles
19.15,4,25,699120,White,2.7,Sphere,Milburn John Thomas
19.17,10,12,700017,White,4.4,Sphere,Crawford Robert
19.18,4,16,700206,White,2,Sphere,Bennett Edwin
19.16,6,10,699530,Blue,2,Sphere,Taylor Everard Jack
19.16,7,12,699562,White,2.8,Sphere,Watmore George Frank
19.18,11,9,700409,Blue,2,Sphere,MacDonald Alexander
19.15,5,19,699144,Violet,3.3,Sphere,Crickett William
19.18,3,27,700187,White,2.4,Sphere,Barnett Godfrey Harry Steel
19.15,8,27,699242,White,2.8,Sphere,Battes Harold Allin
19.17,8,4,699949,Violet,3.2,Sphere,Clark Alphonsus
19.17,11,24,700059,White,4.2,Sphere,Blair William Whitehouse
19.16,9,15,699625,White,2.3,Sphere,Naughton Harry Leo
19.17,8,6,699951,White,2.1,Sphere,Vincent Ashley Ellis
19.17,8,1,699946,Violet,2.6,Sphere,Rae Alfred William
19.17,6,7,699892,Violet,3.5,Sphere,Hill George
19.18,5,31,700251,White,2.8,Sphere,Bidwell Ernest
19.18,10,24,700394,Violet,2.4,Sphere,West George
19.15,8,7,699222,White,2.3,Sphere,Waite George Edington
19.15,5,2,699127,Violet,2.7,Sphere,Smith Sidney
19.17,10,15,700020,Violet,2.4,Sphere,Sage Walter George
19.17,12,28,700093,White,2.4,Sphere,Darrach Ralph Semple
19.17,3,26,699821,Violet,3,Sphere,Backman Oscar
19.17,10,12,700017,White,3.3,Sphere,Hurse Leonard Greville Ellis
19.16,9,15,699625,White,2.1,Sphere,Byrnes Robert James
19.17,6,1,699886,Violet,2.4,Sphere,Christie Augustus
19.18,4,6,700196,Violet,2.3,Sphere,Scott William Kenneth
19.15,5,31,699156,White,2.9,Sphere,Christophers Victor James
19.17,11,14,700049,White,3,Sphere,Rouse Claude
19.16,9,26,699636,White,3.5,Sphere,Jane Edwin Charles
19.17,12,4,700069,Violet,2.4,Sphere,Cox William Edwin Batchelor
19.15,8,8,699223,White,2.9,Sphere,McKay Eric Gordon
19.17,6,7,699892,White,2.6,Sphere,Rayner John
19.15,8,8,699223,White,2.5,Sphere,Gray Wilfred Mayfield
19.18,11,13,700413,Indigo,3.1,Sphere,Folley Thomas Lionel
19.16,2,23,699423,Red,3.4,Sphere,Christopher Norman
19.15,8,6,699221,White,2.1,Sphere,Baxter Norman
19.15,8,7,699222,White,2.9,Sphere,McGonigal George
19.72,4,28,719928,Blue,8.2,Sphere,Nilsson George
19.15,5,8,699133,White,2.5,Sphere,Wadsworth Alfred Charles
19.16,9,27,699637,White,2.2,Sphere,Arthur Edward George
19.17,10,12,700017,White,2,Sphere,Moje George Henry
19.15,5,8,699133,White,2.6,Sphere,Cowper Richard
19.18,8,23,700333,Violet,4.3,Sphere,Evinson Frederick Richard
19.18,9,2,700342,Violet,2.1,Sphere,Bower Joseph William
19.16,9,21,699631,White,2.7,Sphere,McCafferty Hugh
19.16,10,1,699641,White,2.6,Sphere,Pearpoint Harold Stewart
19.17,10,16,700021,Violet,3.3,Sphere,Rice Josiah Henry
19.17,10,4,700009,White,2.1,Sphere,Genge Guy
19.18,3,26,700186,White,2,Sphere,McCoid John
19.18,11,11,700411,Indigo,3.8,Sphere,Fati Manuao
19.65,5,10,717385,Blue,7.8,Sphere,Johnson Meta
19.6,5,30,715580,Blue,6.6,Sphere,Ferris Walter Richard
19.18,4,5,700195,White,2.1,Sphere,Steel Malcolm
19.18,2,22,700152,Blue,3.1,Sphere,Moody Francis Robert
19.16,9,27,699637,White,2.1,Sphere,Wallace Samuel Patton
19.16,11,7,699677,White,2,Sphere,Hughes Walter
19.17,10,4,700009,White,2.4,Sphere,Large Herbert
19.18,3,27,700187,Violet,3.4,Sphere,Smith Robert
19.16,9,15,699625,White,3.1,Sphere,Prince William Alfred
19.17,8,2,699947,White,3,Sphere,McDonald John Frank
19.17,6,8,699893,White,3.2,Sphere,Young Alfred Charles
19.15,8,28,699243,White,2.2,Sphere,Gibson Noel Pairman
19.17,10,12,700017,White,2,Sphere,Goggin James
19.16,9,15,699625,White,3,Sphere,Carney James
19.17,11,5,700040,White,2.6,Sphere,Clayton Montague
19.18,5,8,700228,White,3,Sphere,Collard George Fitzgerald
19.18,3,26,700186,White,3,Sphere,Baird Walter Snelling
19.17,10,12,700017,Blue,3.4,Sphere,Mitchell Andrew Paterson
19.15,8,21,699236,White,3,Sphere,Thomas Edward Richard
19.16,6,15,699535,Violet,3.4,Sphere,Pimm William Henry
19.18,11,8,700408,Indigo,2.7,Sphere,Bright Leonard
19.17,11,22,700057,Blue,3.6,Sphere,King Joseph Frederick
19.17,6,7,699892,White,2.7,Sphere,Wells John
19.18,11,13,700413,Red,4.4,Sphere,Rush John Edward
19.18,2,10,700140,Violet,3,Sphere,Willis Egbert Joseph
19.17,10,10,700015,White,1.9,Sphere,Bird Frank
19.18,11,14,700414,Yellow,2.9,Sphere,Rickman James George
19.16,12,21,699721,White,3.8,Sphere,Parker Robert Vining
19.17,7,29,699944,White,3.5,Sphere,Fisher Albert Victor
19.16,11,12,699682,Violet,2.8,Sphere,Richardson Claude Morpeth
19.17,6,8,699893,White,2.1,Sphere,Peck Albert Gorden
19.18,4,5,700195,White,2.4,Sphere,Cotter Humphrey
19.18,9,30,700370,Blue,2.1,Sphere,Moka James
19.17,4,5,699830,Indigo,3.6,Sphere,Black Frederick Robert
19.16,10,12,699652,Violet,3.7,Sphere,Warren Herbert Ney
19.16,3,18,699448,Indigo,2.5,Sphere,Isaacs Thomas
19.17,10,19,700024,White,2.2,Sphere,Toomey Nicholas Edward John
19.15,10,30,699305,Blue,2.4,Sphere,Fraser Thomas Edward
19.19,8,31,700706,Blue,2.9,Sphere,Maaka Hemi
19.15,4,25,699120,White,2.6,Sphere,Hayward Thomas Western
19.15,5,8,699133,White,2.4,Sphere,Graham Hugh
19.18,4,19,700209,White,3.7,Sphere,McCusker Henry Murdock
19.18,11,12,700412,Blue,2,Sphere,Flood Clifford William
19.64,12,19,717239,Blue,7.3,Sphere,Gamble James Bernard
19.17,7,31,699946,White,2,Sphere,Joynt Charles Henry
19.17,10,6,700011,Violet,2.9,Sphere,Hamley Robin
19.17,3,5,699800,Blue,3.4,Sphere,King Henry
19.16,8,16,699596,Blue,3.6,Sphere,Greenhill Frederick
19.17,2,22,699787,Violet,1.9,Sphere,Tarlin Clarence Victor
19.17,6,7,699892,White,2.4,Sphere,Warren Lewis Albert
19.17,7,26,699941,White,2.8,Sphere,Frew James Henry
19.17,6,19,699904,Blue,3.5,Sphere,Newstead Sydney Henry
19.16,9,15,699625,White,3.3,Sphere,Atkins Thomas Frederick
19.18,8,4,700314,Blue,2.7,Sphere,Aiken John
19.18,1,10,700110,White,2.5,Sphere,Watson Donald
19.2,5,12,700962,Yellow,2.8,Sphere,McFadden James
19.16,7,14,699564,White,2.9,Sphere,Craigie Wilfred John Mellor
19.18,10,31,700401,Blue,3.1,Sphere,Apps Albert George
19.16,9,21,699631,Violet,3.9,Sphere,Skillon Tom Handley
19.16,5,31,699521,Violet,2.3,Sphere,Burke Hubert John
19.17,10,17,700022,Violet,2.4,Sphere,Lavelle Maurice
19.16,9,16,699626,White,2.4,Sphere,Bower Hugh MacDonald Molyneaux
19.17,10,4,700009,White,2.3,Sphere,Stirling Jack
19.18,5,20,700240,Violet,3.3,Sphere,Baines Walter Ernest
19.18,12,11,700441,Violet,2.4,Sphere,Popham Alfred Charles
19.16,9,27,699637,Violet,1.9,Sphere,Fairbairn William Arthur
19.16,9,19,699629,Violet,2.3,Sphere,Kearney Richard
19.16,9,4,699614,Red,2.9,Sphere,Tucker Ralph Cecil
19.15,8,8,699223,White,2.5,Sphere,Tayler George Washington
19.17,10,12,700017,White,3,Sphere,Barron Peter
19.17,11,5,700040,Violet,2.4,Sphere,Laird Leonard Allen
19.17,2,4,699769,Violet,2.3,Sphere,Richards Godfrey
19.17,6,7,699892,White,3.4,Sphere,Wells Joseph Evan
19.17,10,8,700013,Violet,2,Sphere,Curtis Joseph
19.17,12,16,700081,Blue,2.2,Sphere,MacKay Neil Alexander
19.16,9,28,699638,White,3,Sphere,Hamilton Christopher
19.16,1,23,699393,White,2.6,Sphere,Hookings Leslie Garnett
19.19,2,12,700507,Blue,3,Sphere,Gold-Smith Harold Desmond
19.18,10,5,700375,Violet,2,Sphere,Rosevear Henry Oliver
19.18,3,24,700184,White,2.3,Sphere,Benefield Thomas Charles
19.17,12,24,700089,White,2.3,Sphere,Lennon George Edward
19.18,11,15,700415,Indigo,2.7,Sphere,Short Aubrey Vincent
19.19,2,8,700503,Blue,3.4,Sphere,Morton George
19.17,6,2,699887,White,2.9,Sphere,Christie Herbert Alfred
19.18,11,14,700414,Yellow,2.3,Sphere,Grupen William Frederick
19.16,9,15,699625,White,2,Sphere,Tansey Frank Ellis Fermore
19.15,8,9,699224,White,4,Sphere,Mills John Francis
19.16,9,25,699635,White,2.8,Sphere,Morris George Edmund
19.16,9,15,699625,White,3.8,Sphere,Turnbull David Matthew
19.15,8,9,699224,White,2.3,Sphere,Dalgleish John Alexander
19.16,8,18,699598,Violet,3.7,Sphere,Fatouros Victor Basil
19.16,9,27,699637,Violet,2.2,Sphere,Mallard John Frederick
19.17,8,1,699946,Violet,2.3,Sphere,Lynch Cecil Audley
19.17,8,17,699962,Violet,2,Sphere,Mitchell Douglas Orr
19.18,12,2,700432,Red,2.2,Sphere,Taylor Leslie Francis Cecil
19.16,9,26,699636,White,2.2,Sphere,Faull Henry James
19.17,11,28,700063,Violet,2.2,Sphere,Broomfield Walter William
19.16,9,2,699612,Violet,1.8,Sphere,Russell Lawrence Dobree
19.18,5,26,700246,Violet,2.7,Sphere,Phinix Joseph
19.19,5,3,700588,Yellow,3.4,Sphere,Parker Thomas
19.17,10,11,700016,White,2.3,Sphere,Beaman John Thomas
19.18,5,20,700240,White,2.4,Sphere,Reid Sydney Balfour
19.18,2,16,700146,Violet,2.2,Sphere,Braithwaite Harold Walter
19.17,8,19,699964,White,2.3,Sphere,Tate John Alfred
19.17,11,15,700050,Violet,2.5,Sphere,Lowe Louis Henry
19.16,11,11,699681,Violet,2.5,Sphere,Broadbridge Thomas Cyril
19.16,10,15,699655,Violet,2.2,Sphere,Hiddleston Arnold Hutton
19.17,6,7,699892,White,2.3,Sphere,Fitzmaurice Harman Samuel
19.16,8,11,699591,Violet,2.1,Sphere,Curtis Kenneth Oscar
19.16,9,15,699625,White,4.1,Sphere,Telford Richard
19.34,6,22,706112,Indigo,4.6,Sphere,Courtney James
19.17,12,5,700070,Violet,2.7,Sphere,Smith William Austin Woodford
19.17,6,7,699892,White,3.1,Sphere,Findlay Robert
19.17,6,23,699908,White,2,Sphere,Corbett Albert
19.16,5,17,699507,Indigo,3.1,Sphere,Wilkinson Allan
19.18,4,17,700207,White,2.7,Sphere,Wood Alfred
19.16,9,15,699625,White,3.1,Sphere,Luck Robin
19.16,9,27,699637,Violet,3.1,Sphere,Struthers James Barr
19.17,12,24,700089,White,3,Sphere,Armstrong Joseph Edward
19.15,8,9,699224,White,2.4,Sphere,McFarlane David Stewart
19.18,5,4,700224,White,3.1,Sphere,McCormick David John
19.17,9,19,699994,Violet,2.7,Sphere,Kemshed Frank Mervyn
19.16,9,27,699637,White,3,Sphere,McBeath John
19.19,9,26,700731,Blue,3.7,Sphere,Paull Frank Mintern
19.17,5,28,699883,Violet,3.8,Sphere,Skivington Edward
19.15,9,25,699270,White,2.9,Sphere,Butterworth Hugh Montagu
19.17,7,3,699918,Violet,2.8,Sphere,Bishop Herbert Oliver
19.17,8,8,699953,White,4,Sphere,Breuer Joseph Charles
19.17,10,12,700017,White,2.2,Sphere,Dinsdale Charles
19.18,5,2,700222,White,2.4,Sphere,Streetley Reuben Edgar
19.17,6,15,699900,White,2.9,Sphere,Johnson Victor Rudolph
19.15,4,27,699122,White,2.7,Sphere,Fountain Ernest Harold
19.17,10,4,700009,White,2.5,Sphere,Hawkins James Harold
19.18,4,18,700208,White,2.5,Sphere,Bufton Sidney Lewis
19.18,10,8,700378,Blue,4.1,Sphere,Scott James Edward
19.18,7,12,700292,Blue,2,Sphere,Ashworth John Morrison
19.18,1,25,700125,Blue,2.2,Sphere,Knyvett Charles Edmund Alexander Vivian
19.17,12,3,700068,White,2.4,Sphere,Collett George Herbert
19.17,11,22,700057,White,2.1,Sphere,Purser Cyril Edward
19.16,9,16,699626,White,2,Sphere,Terry Albert
19.17,12,1,700066,Blue,3.6,Sphere,Swaney John
19.16,9,25,699635,White,2.4,Sphere,Taylor George
19.17,10,12,700017,White,2.7,Sphere,Mann Ernest
19.18,1,10,700110,White,2.6,Sphere,McNicol Duncan Charles
19.16,5,30,699520,Violet,3.9,Sphere,Peters Alfred
19.16,9,10,699620,White,3.1,Sphere,Hemi Skipper Pou
19.17,10,14,700019,Violet,3.1,Sphere,Porter Walter Charles
19.17,6,7,699892,Violet,2.1,Sphere,Bailey Willie
19.18,4,20,700210,White,3.2,Sphere,Crowhurst Francis Ernest
19.16,8,1,699581,White,2.8,Sphere,Lawrenson James
19.18,1,10,700110,Blue,3.6,Sphere,Whitelaw Alexander George
19.18,10,9,700379,Violet,2.9,Sphere,Henry Edward Sibthorpe
19.16,10,26,699666,White,2.6,Sphere,Bennet Charles Edward
19.15,4,27,699122,White,2.3,Sphere,Phillips Charles Ernest
19.16,7,9,699559,White,2.1,Sphere,Priest Owen George Whittaker
19.17,10,5,700010,White,3.1,Sphere,Nicklin Alfred
19.17,10,1,700006,White,2.6,Sphere,Sutherland Francis Nicoll
19.17,10,4,700009,White,3,Sphere,Scott Victor Richard Stanley
19.17,6,14,699899,White,2.7,Sphere,Fraser Ernest Matthews
19.15,5,9,699134,White,3.6,Sphere,Higgott William Tom
19.15,8,8,699223,White,3.1,Sphere,Wells Ewart Linley
19.15,8,8,699223,White,2.2,Sphere,Black Aubrey Horotiu
19.16,9,15,699625,White,1.9,Sphere,Smith Frederick George
19.18,4,16,700206,White,2.5,Sphere,Bourk Edward Magnus
19.19,2,19,700514,Blue,3.5,Sphere,Meek Edward Percy
19.16,6,4,699524,Violet,3.5,Sphere,Stansell Lionel Brough
19.18,11,18,700418,Red,2.8,Sphere,Crowe Ernest Owen
19.15,5,3,699128,White,3.2,Sphere,Campbell George Scott
19.16,9,15,699625,White,2.3,Sphere,Wishnowsky Herbert Walter
19.17,6,13,699898,White,2.9,Sphere,Cunningham Patrick
19.15,6,17,699172,White,2.3,Sphere,Lee Harold Arnold Gale
19.18,9,2,700342,Violet,2.1,Sphere,Roberts Arthur Mervyn
19.81,10,28,723393,Blue,8.5,Sphere,Poole George Turner
19.19,2,5,700500,Blue,2.8,Sphere,Muir Archibald
19.18,4,16,700206,White,2.1,Sphere,Guest Alexander George
19.17,10,4,700009,White,2.3,Sphere,Langford Alexander Joseph
19.17,10,4,700009,White,2.6,Sphere,Powell Thomas Henry
19.16,9,16,699626,White,3.2,Sphere,Greig William
19.18,1,31,700131,Violet,2.2,Sphere,Burrow Wallis John
19.18,5,19,700239,White,2.6,Sphere,Gill William James
19.15,6,9,699164,White,3,Sphere,Robertson Louis Somervell
19.17,10,7,700012,Violet,2.4,Sphere,Harvey Robert Arthur
19.16,9,28,699638,Violet,2.1,Sphere,Hickey Edmond
19.18,1,24,700124,Violet,2.1,Sphere,Tavendale Lewis Alexander
19.18,4,23,700213,White,3.4,Sphere,Gifford Arthur Harold
19.18,4,5,700195,White,3.6,Sphere,Pierson Frank
19.15,8,8,699223,White,2.4,Sphere,Baxter Edgar Tyrrell
19.18,3,29,700189,Violet,3.9,Sphere,Stevenson William
19.15,6,6,699161,White,2.8,Sphere,Happer Thomas
19.18,8,26,700336,Violet,2.1,Sphere,Noble James Winton
19.16,7,3,699553,White,2.9,Sphere,Guthrie Thomas Errol
19.16,9,21,699631,White,2,Sphere,Perrott Percy
19.16,9,23,699633,Violet,2.1,Sphere,Ahern Reginald James
19.18,11,6,700406,Blue,2.9,Sphere,Grundy James George
19.18,11,12,700412,Red,3.4,Sphere,Hansen Frederick Alfred
19.15,12,7,699342,White,2.5,Sphere,Ball Albert Victor
19.16,5,27,699517,Blue,2.9,Sphere,Martin John
19.16,6,5,699525,White,2.3,Sphere,Heldt Edmond Rudolph
19.15,5,2,699127,White,2.3,Sphere,McDonald Stanley Hone
19.16,11,10,699680,Red,2.2,Sphere,McCutcheon Harry
19.16,6,23,699543,Blue,3.4,Sphere,Linnell Francis Richard
19.18,2,20,700150,Blue,2.4,Sphere,Treleaven Reginald Ronald
19.18,5,7,700227,White,2.3,Sphere,Wilson Roy Robert
19.17,10,4,700009,White,3.3,Sphere,Wale Roy Allan
19.17,10,12,700017,White,2.2,Sphere,Laloli John Henry
19.64,3,14,716964,Blue,7.6,Sphere,Baker Louis Harold
19.18,3,30,700190,Violet,2.4,Sphere,Hinson Hebert Basil
19.17,4,9,699834,White,2,Sphere,Ashcroft Lancelot Edgar
19.17,10,21,700026,White,2.4,Sphere,McDonald William Charles
19.18,10,21,700391,Violet,2.7,Sphere,Moyna Edward Terence Joseph
19.17,10,4,700009,White,2.1,Sphere,Brough Julian Peter
19.16,9,15,699625,White,2.7,Sphere,Jackson Gerard
19.18,4,10,700200,White,2.7,Sphere,Leen John Edward
19.18,1,26,700126,White,2.1,Sphere,McKenzie Seaforth William
19.15,5,8,699133,White,2.9,Sphere,Kitto James Victor
19.18,4,2,700192,Blue,3.2,Sphere,Farra Edward St Clair
19.17,7,8,699923,White,3.8,Sphere,Minifie Albert
19.17,10,12,700017,White,2.5,Sphere,Tapp George Ernest
19.17,10,12,700017,White,3.6,Sphere,Bailes Thomas Thomson
19.17,10,23,700028,Blue,3.1,Sphere,McLaughlin Edmund
19.18,8,31,700341,Violet,2.5,Sphere,Sansbury Ewart Teare
19.18,4,5,700195,White,2.8,Sphere,Cottingham Henry John
19.15,5,8,699133,White,2.8,Sphere,Stevenson Charles Edward
19.16,11,26,699696,White,2.7,Sphere,Board Arthur
19.17,6,7,699892,White,2.4,Sphere,Macfarlane Duncan Buchanan
19.16,9,15,699625,White,2.8,Sphere,Dunn Edward Robert Towersley
19.17,10,12,700017,White,2.2,Sphere,Moir John Buchan
19.17,10,12,700017,White,2.7,Sphere,McCrea Robert
19.17,6,20,699905,Violet,2.1,Sphere,Bannister Stanley Masters
19.18,1,4,700104,Violet,2.9,Sphere,Law George Eckford
19.15,7,1,699186,Indigo,2.1,Sphere,Phillips Edwin Matthew
19.16,7,30,699580,White,2.2,Sphere,Wilson Romulus Henderson
19.17,10,4,700009,White,2.1,Sphere,Small Frederick William
19.18,4,3,700193,Violet,2.2,Sphere,Hamilton Albert Stanley
19.17,6,7,699892,White,2.1,Sphere,Edmett Eric Geoffrey
19.15,8,8,699223,White,3.6,Sphere,Mooney Robert
19.18,5,31,700251,Violet,2.8,Sphere,Ellen George Edward Carter
19.18,8,23,700333,Blue,3.3,Sphere,Burns John Cullen
19.16,9,16,699626,White,2.4,Sphere,Brooke-Taylor Horace Reydon
19.17,11,26,700061,White,3.5,Sphere,Andrew Charles
19.17,10,12,700017,White,2.6,Sphere,Paisley Andrew Keir
19.15,6,5,699160,White,2.1,Sphere,Hailwood Charles William
19.15,5,18,699143,White,3.8,Sphere,Bluck Alfred Charles
19.42,11,1,709161,Red,5,Sphere,Casey William Patrick
19.17,6,25,699910,White,2.4,Sphere,Curran Patrick Stanislaus
19.17,6,7,699892,White,2.1,Sphere,Maxwell Harry
19.58,8,30,714940,Blue,6.1,Sphere,Purvis Bertie Renwick
19.18,9,12,700352,Violet,2.9,Sphere,McClymont James
19.19,2,10,700505,Blue,3.3,Sphere,Jones Arthur
19.17,10,17,700022,White,2.5,Sphere,Moynihan Michael Alexander
19.17,10,12,700017,White,3,Sphere,Scott George
19.18,8,25,700335,Violet,2.6,Sphere,Feakins Thomas Victor
19.16,9,16,699626,White,3.5,Sphere,Rider Colin William
19.17,6,7,699892,White,2.4,Sphere,Thomson John English
19.19,1,29,700494,Yellow,3.2,Sphere,Middleton Fred
19.18,3,27,700187,White,2.5,Sphere,Allan John
19.16,7,14,699564,White,2.7,Sphere,Hamilton John
19.15,5,8,699133,White,2.9,Sphere,Bell Henry George Thomas
19.17,10,8,700013,Violet,2,Sphere,Crawford Robert Albert
19.17,12,3,700068,White,4,Sphere,Kelly William
19.17,10,12,700017,White,2.5,Sphere,Eyres Frank George
19.15,10,6,699281,Violet,2.1,Sphere,Beauchamp Leslie Heron
19.18,1,30,700130,Violet,3,Sphere,Sextus Henry Julius
19.16,9,15,699625,White,2,Sphere,Prain Alexander Monteith
19.17,10,4,700009,White,2.3,Sphere,O'Neill Henry Arthur
19.18,3,26,700186,White,2.8,Sphere,McQueen William Alexander
19.17,7,26,699941,White,2.4,Sphere,Cuff Joshua Thomas
19.16,9,15,699625,White,3.4,Sphere,Harrop Edwin James
19.17,10,4,700009,Violet,2.4,Sphere,Mills George James
19.17,12,3,700068,White,2.4,Sphere,Ralph William Albert
19.17,7,31,699946,White,3.1,Sphere,Sharpe Sydney Augustus
19.17,8,16,699961,White,2.1,Sphere,Campbell Alexander
19.18,4,5,700195,White,3.2,Sphere,Bewley Joseph
19.17,11,16,700051,White,2.3,Sphere,Langley Hubert Theodore
19.16,8,4,699584,Violet,2.1,Sphere,McCahon Thomas
19.16,10,2,699642,White,2.2,Sphere,Curry Andrew John
19.17,4,3,699828,White,2.6,Sphere,Masters George
19.17,5,20,699875,Red,2,Sphere,McPeak Albert James
19.18,11,19,700419,Indigo,3.4,Sphere,Allen James Henry Leslie
19.15,8,8,699223,White,2.5,Sphere,Argyle Percival
19.16,6,30,699550,Indigo,2.1,Sphere,Rangitira His Highness the Prince Moki
19.15,8,8,699223,White,2.8,Sphere,Geary John
19.16,9,15,699625,White,2.2,Sphere,Hooper George Shackleton
19.18,10,18,700388,Violet,3,Sphere,Lang William George
19.17,10,12,700017,White,3.2,Sphere,Johnston John
19.17,8,16,699961,Violet,2.3,Sphere,Saunders Hubert Mayson
19.16,9,14,699624,White,1.9,Sphere,Mete Kingi Henare
19.17,11,24,700059,White,2.1,Sphere,Hill Donovan Oldham
19.15,7,7,699192,Blue,2.5,Sphere,Gardiner Patrick
19.16,9,22,699632,Violet,2.3,Sphere,Spowart Matthew William
19.16,10,5,699645,Violet,2.1,Sphere,Rush William Henry
19.17,10,12,700017,Violet,2.5,Sphere,Leslie James
19.17,1,7,699742,Blue,3.7,Sphere,Ryan Martin
19.18,8,19,700329,Blue,2.8,Sphere,Blick Thomas George
19.17,1,9,699744,White,2.6,Sphere,Kelsey Stanley Whitmore
19.16,9,21,699631,White,2.6,Sphere,Squinobal Albert George
19.16,7,29,699579,Violet,3.1,Sphere,Meek Thomas
19.18,2,24,700154,Orange,2.3,Sphere,Spencer France
19.17,10,17,700022,Violet,5,Sphere,Mackintosh Donald
19.18,3,31,700191,White,3.4,Sphere,Johnson Charles Stephen
19.15,8,11,699226,White,2.2,Sphere,Burgess Walter Henry
19.17,7,25,699940,White,4.1,Sphere,Johnson Frederick Thomas
19.18,5,9,700229,Violet,2.2,Sphere,Norton Rupert Harold Inlay
19.21,1,28,701223,Yellow,6.6,Sphere,Luxford John Aldred
19.18,4,22,700212,White,2.2,Sphere,Dickie Eric Stanley Gordon
19.18,11,27,700427,Yellow,2.3,Sphere,Coad William Ernest
19.17,6,14,699899,White,2.1,Sphere,Vincent Lincoln McDonald
19.2,1,23,700853,Blue,2.6,Sphere,Hislop Albert Joseph
19.17,10,4,700009,White,2.5,Sphere,Dillon William Arthur
19.18,3,31,700191,Violet,2.5,Sphere,Casar John Rudolph
19.17,8,17,699962,White,2.2,Sphere,McDonald James Hamilton
19.16,8,9,699589,White,2.2,Sphere,Moore Alexander
19.16,8,20,699600,Red,3.6,Sphere,Hillman Charlie
19.17,10,15,700020,Violet,1.9,Sphere,Salamonson Allan Joseph
19.18,7,10,700290,White,3.3,Sphere,Caird James Scott
19.16,9,17,699627,White,3.4,Sphere,Kirkley Wilfred
19.16,11,15,699685,White,2.8,Sphere,Fleming Rhyl Vaughan
19.16,6,27,699547,White,2.2,Sphere,Johnstone Albert Edward
19.17,12,5,700070,White,2.3,Sphere,Nelson Bert
19.17,11,23,700058,Violet,2.5,Sphere,Guignier Perrie Prosper
19.17,6,16,699901,Violet,2.3,Sphere,Douglas Robert
19.7,2,17,719127,Blue,7.4,Sphere,Eggers Wilfrid Raymond
19.18,4,5,700195,White,2.2,Sphere,McIndoe Gordon Frank
19.16,7,10,699560,Violet,2.3,Sphere,Christiansen Charles Edward
19.17,6,7,699892,White,3.4,Sphere,Wheeler Daniel
19.16,9,17,699627,Violet,2.6,Sphere,Dowdle Francis Edmond
19.18,9,13,700353,Violet,2.5,Sphere,McRae Donald Alexander
19.16,9,27,699637,White,2.3,Sphere,Ellen William Henry
19.17,6,7,699892,White,3.2,Sphere,Davis John
19.2,8,2,701042,Indigo,2.4,Sphere,Kennedy John Wilson
19.17,7,28,699943,White,2.6,Sphere,Watson George Edward Alexander
19.16,9,15,699625,White,2.9,Sphere,Ferrett Samuel Charles
19.18,1,5,700105,Blue,3.7,Sphere,McDonald Farquhar
19.15,4,25,699120,White,2.4,Sphere,Sapsford Francis Leslie
19.19,2,12,700507,Blue,3,Sphere,Gold-Smith Harold Desmond
19.17,12,24,700089,White,2.4,Sphere,Nicholson John Alexander
19.17,8,6,699951,White,2.8,Sphere,Greeks Claude Percy
19.18,4,24,700214,Violet,2.4,Sphere,Liddell Vernard Clifton
19.17,6,10,699895,White,3,Sphere,Nelson Percy Sylvander
19.17,9,16,699991,Red,3,Sphere,Foord Alfred Ernest
19.15,8,8,699223,White,2.7,Sphere,Moreland John
19.17,8,1,699946,White,2.7,Sphere,Clarken Patrick
19.16,6,26,699546,Red,3.5,Sphere,Donaldson Joseph
19.17,7,7,699922,White,3.7,Sphere,Cornford Ernest Stanford
19.16,6,30,699550,Indigo,2.1,Sphere,Moki His Highness the Prince Moki
19.17,10,12,700017,White,2.7,Sphere,Guinness Arthur Grattan
19.17,10,4,700009,Violet,2,Sphere,Pooley Reginald Eric
19.16,6,21,699541,Red,3.2,Sphere,Cooper Herbert Ambrose
19.16,9,15,699625,White,2,Sphere,Philps Frank
19.16,6,18,699538,Violet,2.4,Sphere,Poland Matthew
19.2,12,17,701177,Indigo,2.7,Sphere,Ellisdon Thomas Edward
19.15,9,27,699272,White,1.9,Sphere,Haywood William
19.16,10,23,699663,Violet,2.4,Sphere,Dyett Arthur Frederick
19.15,4,25,699120,White,2.2,Sphere,Dawson Alan Douglas Gibb
19.17,7,31,699946,White,3.2,Sphere,Campbell William Buchanan
19.18,10,11,700381,Violet,2.3,Sphere,Foote William Edward
19.15,5,2,699127,White,3.8,Sphere,Bell Charles Adam
19.16,7,15,699565,White,3.8,Sphere,Turvey Joseph
19.16,7,3,699553,White,2.3,Sphere,Dennehy Bartholomew Joseph
19.18,4,29,700219,Violet,2,Sphere,Astbury Horace Vernon Wemyss
19.16,9,15,699625,White,2.5,Sphere,Castle Arthur Penfold
19.17,12,20,700085,White,2,Sphere,Whitley Albert Victor
19.17,6,20,699905,White,2.6,Sphere,Samson William
19.15,5,8,699133,White,3,Sphere,Barnett Howard George
19.17,10,18,700023,Violet,2.1,Sphere,Rawlinson Percival John
19.15,8,8,699223,White,2.6,Sphere,Thompson Charles Walter
19.16,9,24,699634,White,2.5,Sphere,Stuart George
19.16,9,15,699625,White,2.7,Sphere,Whelan Percival James
19.17,6,8,699893,White,3.4,Sphere,Andrewes Leonard Charles
19.18,1,10,700110,Violet,2.2,Sphere,Worth Edwin
19.16,9,15,699625,White,2.4,Sphere,Sexton John Byron
19.17,10,4,700009,White,2.4,Sphere,Steers Oscar
19.18,11,5,700405,Blue,2.3,Sphere,Seed William Henry Martyn
19.18,1,3,700103,White,2.6,Sphere,Tayler William Christopher
19.17,2,8,699773,Violet,2.1,Sphere,Murray William Scott
19.18,8,21,700331,Violet,2.3,Sphere,Freeman Thomas William
19.17,10,12,700017,White,2.3,Sphere,Smith Albert David
19.17,7,19,699934,White,3.8,Sphere,Ferguson Donald James Alexander
19.17,6,1,699886,White,2.7,Sphere,Shaw John
19.18,9,4,700344,Violet,3,Sphere,Potter John
19.16,9,16,699626,White,2.7,Sphere,Riordan John Joseph
19.16,5,24,699514,Violet,2.2,Sphere,Norris Sidney
19.16,10,15,699655,White,2.7,Sphere,Prosser Thomas Ivan
19.17,10,31,700036,Indigo,3.5,Sphere,Franklin Samuel William
19.17,6,10,699895,Violet,2.7,Sphere,Bollinger George Wallace
19.17,11,24,700059,White,3.6,Sphere,Telford George Watson
19.16,6,1,699521,White,2.3,Sphere,Hopkirk William Spottiswood
19.19,2,5,700500,Blue,3.4,Sphere,Cameron Louis
19.18,4,30,700220,Violet,3.6,Sphere,Cameron Thomas
19.15,8,9,699224,White,3.4,Sphere,Constance William
19.15,9,14,699259,Red,2.9,Sphere,Watson John
19.17,6,7,699892,White,4.2,Sphere,MacKay Samuel Aimers
19.17,10,2,700007,White,3.3,Sphere,Falconer James Courtney
19.17,10,29,700034,Blue,3.6,Sphere,Over Charles Frederick
19.18,5,9,700229,Violet,4.2,Sphere,De Courcy Harry Pickering
19.16,9,27,699637,White,2.9,Sphere,Walsh Robert Earnest
19.17,10,11,700016,White,2.4,Sphere,Arcus William Morton
19.17,12,3,700068,White,2.7,Sphere,Dewar Alexander
19.17,10,14,700019,Violet,3.1,Sphere,Hatten Charles William
19.16,7,9,699559,White,2.8,Sphere,Devine Patrick John
19.17,10,12,700017,White,3.3,Sphere,Kinloch George Alexander
19.17,10,4,700009,White,4.5,Sphere,Hubbard Arthur Charles
19.17,8,6,699951,Blue,3,Sphere,Tosh William McKenzie Longmuir
19.17,6,25,699910,White,3.8,Sphere,Allgood William
19.18,9,1,700341,Violet,2.1,Sphere,Williams William Robert
19.18,7,25,700305,White,3.4,Sphere,Travis Richard Charles
19.17,10,12,700017,White,2.2,Sphere,Haycock Lewis Roy
19.8,6,21,722901,Blue,9.1,Sphere,Daniel Victor Leonard
19.16,9,15,699625,White,2.4,Sphere,Clark Charles Robert Cyril
19.18,2,18,700148,Blue,2.1,Sphere,Mapp Richard William
19.15,4,25,699120,White,2.9,Sphere,Parsons Wilmett Napier
19.18,11,9,700409,Blue,2.9,Sphere,Parr Thomas Alexander
19.15,8,28,699243,White,2.7,Sphere,Tickell Richard Maurice Griffin
19.18,5,22,700242,White,3.3,Sphere,Marshall George Alto
19.16,9,17,699627,White,2.3,Sphere,Wilkinson Harold Aicken
19.17,10,12,700017,White,2.2,Sphere,Smith Eric Summers
19.18,1,7,700107,White,2.6,Sphere,Scott George Ellis
19.17,6,7,699892,White,3.8,Sphere,Pearce Daniel William
19.17,6,7,699892,White,2.9,Sphere,Wallace Norman
19.18,5,11,700231,White,2,Sphere,Adams Clarence George
19.17,6,7,699892,White,2.2,Sphere,Redshaw William Ernest
19.17,6,8,699893,Violet,4.1,Sphere,Gough Frederick Edwin
19.15,4,29,699124,White,2.2,Sphere,Kearney Martin
19.18,4,5,700195,White,2.1,Sphere,Mackay Roderick
19.16,7,14,699564,White,3.1,Sphere,Dick Robert Wotherspoon
19.16,9,28,699638,White,3.6,Sphere,Gandy James Hunter
19.17,6,7,699892,White,2.6,Sphere,Bowles Percival McLaren
19.18,11,23,700423,Indigo,3.6,Sphere,Stewart George Ross
19.16,10,11,699651,Violet,2.3,Sphere,Woods William Henry
19.84,5,5,724315,Green,8.9,Sphere,Wyatt James Patrick
19.18,3,17,700177,White,2.2,Sphere,Mather Robert
19.17,12,25,700090,White,3.5,Sphere,McConnon Edward
19.19,3,1,700526,Blue,3.3,Sphere,O'Sullivan Edward
19.18,10,19,700389,Blue,2.3,Sphere,Stewart Arthur David
19.17,6,14,699899,White,3.4,Sphere,Broomfield Robert Charles
19.18,5,28,700248,Blue,2,Sphere,Beer Leslie William
19.18,5,30,700250,White,2.5,Sphere,Pottinger Alexander
19.17,10,12,700017,White,2.6,Sphere,Swenson John Cornelius
19.18,10,16,700386,Indigo,2,Sphere,O'Connell Stanley Kingston
19.15,8,13,699228,Blue,4.1,Sphere,Savage Thomas Copeland
19.17,6,7,699892,White,2.1,Sphere,Brookes Arthur
19.18,10,23,700393,Violet,2.6,Sphere,Burrows William Henry
19.15,5,8,699133,White,3.1,Sphere,Jarman John Stuart
19.18,2,2,700132,Blue,2.1,Sphere,Gallagher James Leonard
19.17,10,12,700017,White,2.3,Sphere,Coster Frank Porteous
19.24,3,27,702377,Indigo,2.5,Sphere,Metua Moeau
